Brand,Model,Year,Mileage,Fuel Type,Fuel Consumption (L/100km),Horsepower (HP),Transmission,Price,City,Speed_kmh,Acceleration_ms2,RPM,Throttle_pct,Brake,EngineLoad_pct,RoadType,Congestion,TrafficSignals,StopGoFrequency,Temperature_C,Weather,FuelRate_Lph
Kia,Innova,2017,126135,Hybrid,5.97,159,Automatic,1628128.34,Mumbai,37.4,1.74,1690,14.8,0,54.2,0,2,25,48,36.0,1,2.9
Toyota,City,2012,122147,Hybrid,3.54,75,Automatic,742039.98,Bangalore,36.77,1.36,1747,76.9,0,48.6,0,2,29,46,28.8,0,1.69
Kia,Nexon,2019,51809,Diesel,3.85,191,Manual,1213445.3,Mumbai,27.66,1.94,1644,27.3,0,52.7,0,2,22,34,27.0,1,1.38
Tata,Swift,2015,22642,Petrol,5.27,88,Automatic,1434138.35,Kolkata,36.15,2.08,1769,87.8,0,47.9,0,2,18,45,34.9,0,2.48
Honda,Swift,2020,125454,Hybrid,8.56,137,Automatic,658075.28,Bangalore,75.17,1.18,2909,13.1,0,63.4,1,0,4,2,41.4,0,6.43
Tata,i20,2023,72616,Electric,8.55,176,Manual,1062610.73,Chennai,26.65,1.56,1644,84.5,1,49.7,0,1,23,23,34.8,1,2.62
Kia,i20,2008,92765,Diesel,7.27,173,Manual,401873.37,Bangalore,37.05,1.08,1733,61.3,1,56.5,0,2,17,39,37.3,0,3.5
Hyundai,City,2011,144712,Hybrid,5.29,164,Automatic,466420.41,Hyderabad,53.19,1.86,2350,77.6,0,59.1,2,1,16,9,39.9,1,3.24
Mahindra,Nexon,2019,139279,Electric,6.4,87,Automatic,750685.73,Bangalore,44.57,1.59,2121,39.5,0,58.4,0,1,22,24,39.7,0,3.28
Tata,Innova,2020,124857,Electric,9.08,78,Automatic,1322212.07,Kolkata,42.74,1.2,2262,86.6,1,56.6,0,2,36,42,28.6,0,5.05
Mahindra,Creta,2011,89854,Hybrid,3.97,86,Automatic,1641345.36,Delhi,23.31,1.45,1625,80.3,0,51.4,0,2,25,37,23.3,2,1.2
Hyundai,Innova,2009,164457,Diesel,5.04,197,Automatic,994281.1,Chennai,41.47,1.8,2213,17.6,0,50.7,0,1,18,18,31.9,1,2.4
Kia,Innova,2010,48823,Hybrid,3.83,189,Manual,435053.34,Mumbai,91.85,1.5,3596,74.6,1,69.8,1,0,4,2,31.2,1,3.52
Hyundai,Nexon,2009,105414,Electric,4.41,170,Automatic,809809.42,Pune,29.11,0.7,1548,33.5,0,51.2,0,1,31,22,37.8,0,1.48
Maruti,Nexon,2011,8046,Petrol,4.45,186,Automatic,1739802.28,Bangalore,73.22,1.78,2956,16.6,0,68.6,1,1,5,19,39.4,0,3.75
Hyundai,Nexon,2018,29664,Diesel,5.52,140,Manual,555707.28,Mumbai,82.0,0.6,3129,23.0,1,65.1,1,0,2,4,42.9,0,4.53
Kia,Creta,2008,152912,Diesel,7.72,135,Automatic,1457991.4,Kolkata,69.72,1.45,3077,80.9,0,59.4,2,0,9,6,31.7,0,5.38
Hyundai,i20,2012,66303,Hybrid,5.25,188,Manual,1446258.66,Kolkata,32.54,0.63,1958,17.2,0,48.9,0,2,37,46,41.8,0,2.22
Maruti,Creta,2021,170104,Diesel,6.96,145,Automatic,1225892.58,Chennai,68.61,1.96,2757,12.3,0,63.9,1,0,1,5,38.5,1,4.78
Kia,Innova,2015,45144,Hybrid,7.48,111,Manual,1703245.05,Mumbai,33.98,0.39,1888,58.1,1,51.2,0,2,32,42,36.3,1,3.3
Maruti,i20,2019,152274,Diesel,6.94,193,Manual,1299010.1,Kolkata,34.88,0.94,1682,46.2,0,53.1,0,1,38,21,40.1,0,2.78
Hyundai,Creta,2012,140432,Diesel,3.68,74,Automatic,1753107.95,Bangalore,30.1,1.47,1826,45.8,1,48.6,0,2,25,26,43.4,0,1.44
Mahindra,Seltos,2021,51296,Hybrid,5.78,124,Automatic,1556584.52,Mumbai,38.38,1.86,2028,45.3,0,47.8,2,1,15,15,43.3,1,2.55
Kia,Seltos,2018,131483,Hybrid,4.14,125,Manual,1511663.65,Delhi,72.73,2.18,3299,53.1,1,62.1,2,1,10,13,40.8,0,3.46
Toyota,Nexon,2012,31507,Diesel,4.87,93,Automatic,1731471.65,Chennai,16.97,1.82,1318,45.4,0,50.5,0,2,31,43,29.2,0,1.07
Honda,Creta,2015,122990,Hybrid,7.51,151,Automatic,1263859.18,Delhi,65.99,0.51,2526,26.5,0,66.4,1,0,2,0,28.9,0,4.96
Maruti,i20,2014,171833,Petrol,7.12,197,Manual,851289.55,Mumbai,45.96,2.06,2093,16.9,0,54.0,2,1,15,12,30.9,1,3.76
Maruti,i20,2021,116054,Hybrid,4.94,109,Automatic,545126.44,Kolkata,31.34,0.66,1967,44.8,1,50.0,0,2,21,27,35.1,0,2.01
Honda,Innova,2011,178573,Hybrid,5.18,93,Manual,1371970.5,Delhi,83.94,0.39,3768,42.5,0,69.1,1,1,3,13,40.7,0,5.0
Hyundai,Swift,2011,131776,Petrol,4.62,182,Manual,1132590.79,Chennai,88.04,0.83,3703,14.9,0,73.8,1,0,0,10,36.8,0,4.07
Mahindra,Swift,2017,5078,Hybrid,5.92,83,Manual,939627.12,Hyderabad,16.57,0.58,1234,18.0,1,50.4,0,2,30,28,44.5,0,1.28
Tata,Nexon,2014,29799,Petrol,4.37,101,Manual,1729644.78,Chennai,54.87,1.02,2166,24.6,0,56.6,2,0,16,8,34.3,1,2.4
Honda,Creta,2020,62083,Hybrid,8.56,159,Automatic,1677399.28,Hyderabad,98.8,1.54,3765,18.8,1,77.1,1,0,1,4,23.5,1,8.46
Tata,Nexon,2015,54007,Diesel,4.61,138,Manual,929127.93,Delhi,73.36,2.0,2533,52.4,0,63.3,2,1,17,24,24.1,0,3.89
Honda,i20,2012,24010,Electric,4.32,165,Automatic,1723683.23,Mumbai,49.19,1.39,2441,34.5,0,51.9,2,1,15,17,42.4,0,2.44
Maruti,Creta,2017,9738,Electric,4.9,71,Automatic,1004828.89,Kolkata,33.08,1.56,1850,59.1,0,53.4,0,2,20,41,36.2,1,2.11
Toyota,Nexon,2009,5175,Petrol,5.69,132,Automatic,688594.99,Pune,84.68,0.79,3530,81.5,0,69.2,1,0,0,3,39.1,1,4.82
Maruti,Nexon,2015,134119,Electric,8.38,174,Manual,1268911.16,Mumbai,39.2,1.03,2135,68.3,0,49.0,0,2,37,44,30.0,0,4.27
Hyundai,i20,2021,127501,Electric,8.99,84,Manual,531947.26,Hyderabad,39.05,1.06,2158,15.9,0,54.8,2,1,10,12,31.4,1,4.04
Mahindra,i20,2012,92044,Hybrid,6.84,117,Manual,613731.9,Mumbai,34.46,1.18,2006,19.9,0,52.6,0,2,26,40,30.9,0,3.06
Honda,Nexon,2018,6902,Electric,8.28,156,Automatic,1539982.23,Chennai,22.94,0.7,1453,23.1,0,50.4,0,2,19,42,38.6,0,2.47
Honda,City,2018,49559,Petrol,7.67,160,Manual,1546749.07,Delhi,20.03,0.36,1383,37.1,0,47.9,0,1,32,24,23.1,1,1.77
Honda,Innova,2008,30652,Diesel,3.83,146,Manual,736859.2,Chennai,16.11,0.48,1330,75.7,1,41.9,0,2,17,25,24.4,0,0.8
Kia,City,2022,162456,Electric,7.9,161,Manual,1445607.87,Hyderabad,20.0,0.75,1336,32.9,0,46.1,0,1,33,19,43.2,2,1.82
Hyundai,Nexon,2009,6924,Petrol,8.69,160,Manual,1762998.68,Bangalore,25.98,0.56,1544,66.7,1,44.0,0,1,31,18,41.9,1,2.6
Toyota,Seltos,2010,132575,Diesel,7.31,99,Automatic,1740978.2,Delhi,42.25,1.97,2200,86.2,1,49.8,0,2,39,48,38.7,1,4.02
Kia,Creta,2019,50336,Hybrid,4.46,199,Manual,1022331.33,Delhi,38.49,1.78,1822,63.9,1,49.0,0,2,32,25,41.7,1,2.23
Kia,Innova,2011,100764,Diesel,9.45,163,Automatic,1609468.58,Bangalore,21.72,0.65,1478,14.7,0,43.5,0,1,36,9,31.2,1,2.36
Mahindra,City,2017,18933,Petrol,8.35,124,Automatic,1179944.83,Kolkata,76.42,0.88,3487,23.5,1,68.3,1,0,2,10,42.8,0,6.38
Tata,Seltos,2021,78863,Electric,6.03,162,Manual,1190703.75,Delhi,22.03,1.64,1620,15.0,0,51.3,0,2,27,45,41.1,0,1.73
Hyundai,Swift,2019,12853,Hybrid,8.22,83,Manual,734978.71,Bangalore,71.52,0.76,2749,45.0,0,63.7,1,1,2,14,28.2,0,6.76
Honda,Nexon,2008,132950,Hybrid,6.67,83,Manual,937896.65,Hyderabad,50.35,0.41,2050,75.4,0,53.4,2,2,5,23,32.6,1,4.37
Maruti,Seltos,2019,124074,Hybrid,7.94,182,Automatic,700822.51,Pune,71.15,2.15,2380,65.6,1,58.8,2,1,15,19,34.3,1,6.5
Mahindra,Swift,2022,111777,Electric,7.97,113,Manual,1439431.71,Kolkata,53.39,0.78,2714,16.7,1,57.9,2,1,10,12,35.6,0,4.89
Tata,Nexon,2014,172779,Diesel,8.03,86,Automatic,1296828.19,Pune,31.15,0.67,1707,32.2,0,50.4,0,2,24,28,32.2,0,3.25
Toyota,City,2021,178537,Hybrid,3.64,104,Manual,1526265.47,Pune,41.83,1.87,2336,49.3,1,51.8,0,2,23,23,27.1,0,1.98
Maruti,Creta,2016,153982,Diesel,3.57,170,Automatic,1267829.67,Bangalore,24.61,1.63,1701,42.1,1,49.6,0,2,18,25,40.7,1,1.14
Mahindra,Creta,2020,20796,Diesel,9.41,131,Manual,788057.96,Delhi,61.26,2.18,2748,12.9,0,62.8,1,1,1,10,26.4,0,6.63
Tata,Swift,2019,81558,Diesel,7.95,130,Automatic,1733537.17,Kolkata,29.48,0.95,1635,59.0,0,52.1,0,2,19,25,28.7,0,3.05
Tata,Innova,2019,102090,Hybrid,8.46,124,Manual,1310995.16,Chennai,34.1,0.83,1904,63.2,0,49.0,0,2,21,47,29.9,1,3.75
Tata,Seltos,2010,7472,Petrol,4.29,86,Automatic,1066872.24,Hyderabad,38.43,0.88,1871,78.5,1,49.6,0,2,16,29,24.1,0,2.14
Kia,Innova,2012,85264,Hybrid,5.41,197,Manual,1488603.83,Delhi,23.29,0.58,1705,29.5,0,46.0,0,1,36,8,23.1,0,1.45
Toyota,Swift,2022,50219,Hybrid,9.43,142,Manual,756477.31,Kolkata,69.11,1.71,3014,35.1,0,63.9,2,2,12,30,33.3,0,8.47
Tata,Seltos,2009,73019,Hybrid,3.72,144,Manual,1535164.76,Delhi,20.29,0.96,1378,50.5,0,47.5,0,1,38,15,33.8,1,0.87
Honda,Nexon,2017,137537,Hybrid,7.67,99,Automatic,873611.36,Hyderabad,15.92,0.49,1427,52.7,0,49.8,0,1,16,23,37.9,0,1.4
Mahindra,Swift,2014,150929,Electric,4.49,87,Manual,504518.0,Pune,83.98,1.82,3351,49.4,1,72.9,1,1,5,14,39.9,1,4.34
Mahindra,Swift,2008,92267,Diesel,5.76,180,Manual,1496029.91,Delhi,24.13,1.27,1451,78.5,0,52.2,0,1,31,21,38.4,2,1.6
Toyota,Seltos,2019,179009,Petrol,9.04,170,Automatic,667342.4,Kolkata,84.85,1.65,3318,39.4,1,68.4,1,0,0,6,41.8,0,7.67
Honda,City,2011,39768,Hybrid,6.43,77,Manual,1302021.35,Hyderabad,41.83,0.85,2214,54.1,1,50.9,0,2,21,44,37.8,0,3.5
Kia,Innova,2013,92256,Hybrid,8.03,161,Automatic,777700.8,Chennai,82.62,0.81,3380,14.7,0,65.9,1,0,4,10,24.8,0,6.63
Honda,Creta,2019,90322,Diesel,3.93,102,Automatic,1359627.99,Mumbai,18.25,0.51,1422,64.2,1,44.2,0,1,20,14,38.6,1,0.82
Kia,Nexon,2010,63298,Diesel,5.74,143,Manual,576537.61,Delhi,43.6,1.54,1915,22.5,0,52.4,0,2,16,42,37.2,0,3.25
Toyota,City,2017,85631,Diesel,3.59,188,Automatic,1273471.32,Bangalore,85.93,1.76,2910,21.7,0,65.2,1,1,1,14,27.1,0,3.55
Mahindra,Creta,2014,178678,Petrol,8.77,137,Manual,668826.34,Bangalore,20.73,2.12,1526,36.1,1,45.6,0,2,18,21,38.3,1,2.36
Tata,Creta,2015,34086,Diesel,7.93,149,Manual,1104703.3,Delhi,52.16,1.05,2071,60.2,0,55.9,2,1,8,9,27.2,1,4.76
Maruti,i20,2019,171475,Petrol,4.28,118,Automatic,1621780.91,Kolkata,40.37,1.96,2075,52.5,0,54.8,0,2,16,47,25.4,0,2.25
Kia,i20,2020,130080,Hybrid,6.14,110,Manual,1065590.27,Delhi,31.72,0.76,1918,39.8,0,48.6,0,2,37,37,34.3,0,2.53
Kia,Swift,2017,41825,Diesel,4.23,135,Automatic,1480893.04,Hyderabad,40.75,1.09,2188,61.3,0,55.6,2,0,7,0,40.7,2,1.72
Honda,Swift,2013,13614,Hybrid,6.98,100,Manual,605027.8,Pune,62.24,1.66,2394,84.6,0,58.7,2,2,3,42,40.6,0,5.65
Mahindra,i20,2015,176165,Electric,8.89,123,Automatic,1320013.9,Pune,72.95,1.6,2595,12.4,0,67.6,2,1,15,11,32.1,1,7.46
Kia,Seltos,2013,136061,Electric,9.31,170,Automatic,612772.53,Bangalore,71.93,1.12,2417,85.5,0,60.8,1,0,3,7,23.0,0,6.7
Hyundai,City,2012,178183,Hybrid,6.31,196,Automatic,1475991.56,Chennai,26.52,0.42,1566,85.9,1,53.4,0,1,23,21,26.0,0,1.92
Mahindra,Nexon,2012,108469,Hybrid,8.47,146,Automatic,1399685.47,Delhi,43.64,1.96,2152,46.5,1,55.7,0,1,17,24,30.9,0,4.25
Tata,City,2021,30250,Electric,8.11,167,Automatic,963369.21,Chennai,43.89,1.11,1896,77.8,0,59.1,0,1,35,14,37.1,0,4.09
Toyota,Creta,2015,151295,Hybrid,3.57,164,Automatic,1058056.33,Mumbai,85.32,0.75,3704,28.1,0,64.5,1,0,3,0,36.1,0,3.05
Hyundai,Creta,2016,51684,Electric,4.53,109,Manual,635780.8,Kolkata,73.5,1.76,2439,42.4,0,64.0,2,2,12,47,36.9,0,4.33
Tata,City,2008,29716,Diesel,4.84,111,Manual,1289729.1,Hyderabad,15.69,0.27,1440,28.7,0,47.5,0,2,36,25,31.7,0,0.99
Honda,Swift,2018,46413,Petrol,4.04,114,Automatic,1677761.07,Hyderabad,92.06,1.4,3453,78.3,0,67.9,1,1,5,8,22.5,0,4.28
Maruti,Creta,2010,30738,Diesel,5.2,161,Manual,1184597.98,Mumbai,42.21,1.23,2161,71.5,0,58.0,0,1,16,23,24.9,0,2.52
Hyundai,City,2022,14994,Diesel,5.55,132,Automatic,841219.2,Kolkata,29.15,1.01,1911,75.4,1,52.6,0,2,34,36,31.3,0,2.1
Honda,i20,2021,21625,Diesel,6.06,162,Automatic,973224.57,Hyderabad,39.2,0.87,1696,18.5,0,53.1,0,2,27,39,40.4,1,3.09
Tata,Seltos,2010,166173,Hybrid,9.0,196,Automatic,705589.59,Mumbai,71.66,0.22,2778,13.1,0,62.6,2,0,12,5,42.1,0,6.45
Hyundai,Seltos,2008,43365,Diesel,6.58,192,Automatic,1018464.55,Delhi,92.75,1.04,3243,51.4,0,71.5,1,1,3,11,23.8,0,7.02
Hyundai,Nexon,2015,176076,Hybrid,4.32,130,Manual,1093180.06,Chennai,91.81,1.89,3454,80.4,0,73.9,1,1,2,13,38.5,0,4.56
Mahindra,City,2019,145891,Hybrid,6.44,142,Manual,1717043.17,Delhi,73.25,0.64,3009,74.3,1,61.3,1,1,1,14,44.8,0,5.42
Honda,Innova,2009,128294,Petrol,6.58,105,Manual,1001865.99,Delhi,96.95,1.26,2847,49.8,0,68.0,1,0,3,5,37.5,0,6.38
Toyota,Nexon,2009,94659,Hybrid,5.37,184,Automatic,1607155.12,Chennai,49.85,0.83,2132,15.8,1,59.2,2,2,14,41,44.7,0,3.48
Hyundai,Swift,2008,144785,Hybrid,7.08,108,Manual,633557.16,Bangalore,51.33,1.15,2392,79.8,1,55.3,2,2,9,27,35.6,1,4.72
Maruti,City,2022,163970,Electric,5.34,161,Manual,1163238.72,Pune,66.1,1.0,2289,82.5,0,63.7,2,0,5,2,22.5,1,3.53
Maruti,Swift,2023,103763,Electric,5.19,82,Automatic,1227090.28,Kolkata,38.81,1.23,2093,71.1,0,51.8,2,0,10,1,40.6,0,2.01
Mahindra,Seltos,2010,71404,Electric,8.74,96,Manual,1231207.7,Hyderabad,35.22,1.58,1801,13.1,0,56.4,0,2,24,25,26.6,0,4.0
Hyundai,Creta,2018,116755,Petrol,5.94,127,Automatic,1103011.93,Kolkata,53.07,0.38,2114,31.3,1,57.3,2,0,7,9,36.1,1,3.15
Kia,Innova,2015,171742,Electric,6.56,146,Automatic,1474006.04,Bangalore,21.46,1.18,1477,19.6,1,42.9,0,2,33,30,38.5,0,1.83
Mahindra,Nexon,2013,16861,Hybrid,7.2,97,Manual,642010.6,Delhi,18.51,2.05,1410,19.6,0,46.7,0,2,29,20,43.5,1,1.73
Mahindra,Nexon,2017,24926,Diesel,7.21,174,Automatic,495346.29,Delhi,52.54,2.19,2401,43.6,0,53.4,2,1,10,10,26.3,0,4.36
Mahindra,Seltos,2011,88854,Hybrid,7.19,172,Automatic,599807.91,Hyderabad,38.04,0.58,2163,32.2,1,57.6,0,1,28,17,34.5,0,3.15
Toyota,Creta,2022,124449,Diesel,8.1,109,Manual,1188524.13,Mumbai,60.53,0.56,2458,23.9,0,57.5,1,0,4,10,39.9,0,4.9
Hyundai,City,2011,10109,Electric,5.2,134,Manual,749612.23,Delhi,54.82,0.24,2071,70.2,0,55.6,2,0,4,7,39.7,0,2.85
Hyundai,i20,2014,34083,Hybrid,8.26,189,Manual,1433951.0,Chennai,76.76,2.19,3518,64.6,0,65.2,1,0,0,11,38.7,0,6.34
Tata,i20,2013,83379,Hybrid,6.75,192,Automatic,487998.28,Kolkata,74.21,2.05,3100,29.7,1,65.2,1,0,1,6,34.7,0,5.01
Mahindra,Innova,2019,136109,Diesel,8.85,121,Manual,1672592.12,Bangalore,26.78,1.9,1724,67.7,1,49.9,0,2,37,21,23.1,0,3.08
Mahindra,Nexon,2012,106123,Petrol,9.12,163,Automatic,1732396.73,Bangalore,15.24,1.95,1350,46.6,0,47.8,0,1,39,15,30.8,0,1.6
Mahindra,City,2023,119893,Hybrid,3.91,72,Automatic,1499911.46,Pune,17.12,0.83,1299,56.2,0,46.8,0,2,39,36,38.2,1,0.87
Mahindra,Nexon,2016,91318,Hybrid,6.03,122,Manual,1629134.59,Kolkata,29.17,1.24,1722,49.3,0,49.8,0,2,20,24,33.4,1,2.29
Maruti,Nexon,2017,138092,Petrol,8.78,144,Manual,929680.33,Bangalore,15.93,1.83,1309,64.4,0,44.1,0,1,35,9,31.6,1,1.61
Kia,Swift,2022,46479,Petrol,6.26,140,Automatic,623433.31,Pune,26.83,0.71,1672,86.5,0,44.6,0,2,20,48,30.5,1,2.18
Kia,i20,2014,178575,Petrol,8.97,119,Manual,679927.87,Delhi,24.24,1.23,1585,33.4,0,52.7,0,1,23,20,34.3,0,2.5
Hyundai,City,2022,171904,Electric,3.6,81,Manual,1101781.4,Hyderabad,18.18,0.4,1507,52.4,0,42.1,0,1,28,9,26.3,0,0.75
Kia,Innova,2012,35717,Hybrid,6.79,93,Manual,1325939.85,Hyderabad,56.85,1.22,2354,54.3,1,54.6,2,2,8,29,22.4,0,5.02
Kia,Nexon,2018,12994,Electric,5.25,192,Manual,1196305.76,Pune,18.48,1.57,1479,69.7,0,42.9,0,2,37,20,40.9,1,1.26
Mahindra,City,2016,118722,Diesel,4.81,88,Automatic,546914.74,Chennai,70.76,0.76,2705,36.4,1,62.1,2,0,12,3,44.1,0,3.4
Hyundai,Innova,2008,115969,Hybrid,6.12,77,Manual,1418137.7,Hyderabad,82.05,0.53,2703,44.1,0,66.3,1,1,0,24,39.1,0,5.77
Kia,City,2019,52517,Electric,9.48,138,Automatic,1504593.68,Delhi,73.99,1.97,3120,79.3,1,64.8,2,0,6,1,25.5,0,7.01
Honda,City,2014,82368,Diesel,5.11,198,Manual,441334.88,Delhi,35.57,1.33,1793,34.9,0,56.8,0,2,16,28,27.6,0,2.36
Kia,i20,2018,37759,Petrol,8.69,128,Automatic,1042457.76,Kolkata,43.97,1.6,2026,41.8,0,58.4,0,2,19,41,23.4,0,4.97
Mahindra,Creta,2012,39953,Hybrid,4.85,100,Automatic,1012908.69,Mumbai,19.13,1.17,1311,33.6,1,47.6,0,1,35,15,35.5,0,1.07
Kia,i20,2017,130049,Electric,7.91,189,Manual,494107.18,Bangalore,25.93,0.43,1612,44.9,1,46.6,0,2,32,27,43.2,0,2.67
Hyundai,Seltos,2008,176254,Hybrid,5.36,89,Automatic,647476.93,Mumbai,92.75,0.31,3840,30.7,1,65.9,1,0,5,0,43.3,0,4.97
Toyota,City,2020,139997,Hybrid,3.83,101,Automatic,1540987.35,Bangalore,46.49,1.92,2473,13.1,1,54.2,2,1,6,20,25.3,0,2.05
Kia,i20,2019,162183,Hybrid,8.81,115,Automatic,1218497.55,Chennai,34.21,1.27,1687,65.0,1,50.6,0,2,30,43,36.5,0,3.92
Tata,Innova,2018,136480,Petrol,6.66,191,Automatic,706465.68,Chennai,45.69,1.94,2213,44.5,1,52.6,2,0,10,5,24.6,0,3.04
Mahindra,Innova,2008,176672,Electric,9.2,158,Automatic,1041764.15,Hyderabad,18.26,1.98,1447,29.0,0,47.3,0,2,30,25,30.2,0,2.18
Honda,Swift,2020,19188,Electric,7.77,181,Automatic,1596466.12,Pune,40.79,1.64,2114,72.1,1,52.1,0,1,26,22,38.2,1,3.64
Mahindra,i20,2013,67812,Petrol,4.77,163,Automatic,543208.04,Pune,75.26,1.37,2682,74.3,1,67.6,1,0,1,2,23.0,1,3.59
Hyundai,City,2023,90076,Petrol,7.49,130,Manual,1737675.29,Pune,30.26,0.34,1948,55.7,0,51.1,0,2,21,26,31.9,0,2.95
Toyota,Innova,2016,73911,Electric,7.96,88,Manual,598001.95,Hyderabad,66.67,1.51,3172,12.8,0,62.3,1,0,3,9,24.7,0,5.31
Maruti,i20,2023,43785,Hybrid,8.74,155,Automatic,807044.59,Pune,64.47,0.67,2270,63.3,0,57.7,1,0,0,3,43.7,0,5.63
Toyota,Swift,2008,56646,Hybrid,8.12,156,Manual,654074.21,Chennai,37.56,1.04,2113,24.9,1,57.4,0,2,30,48,35.4,0,3.96
Maruti,Seltos,2016,86203,Electric,7.55,180,Automatic,1057379.44,Hyderabad,43.33,0.68,2403,32.7,1,50.1,0,1,19,14,34.1,1,3.76
Toyota,Swift,2009,94159,Diesel,4.86,101,Automatic,834786.85,Mumbai,17.56,0.21,1334,82.8,0,43.6,0,1,36,17,34.1,0,0.98
Kia,Seltos,2014,58603,Diesel,3.76,163,Automatic,1783911.35,Kolkata,38.11,0.73,1797,45.6,1,54.5,2,2,12,25,30.9,0,1.86
Kia,Seltos,2019,170300,Diesel,4.91,86,Manual,421564.81,Delhi,63.29,0.51,2580,33.8,1,59.0,1,0,1,11,38.2,1,3.11
Mahindra,i20,2012,32098,Hybrid,5.37,128,Manual,850151.14,Chennai,43.18,0.72,2373,27.2,0,50.9,0,1,28,24,30.6,0,2.67
Maruti,City,2015,28547,Hybrid,6.39,174,Automatic,1232574.75,Chennai,24.61,0.77,1482,72.4,0,45.9,0,1,22,22,31.8,1,1.81
Hyundai,Seltos,2010,20416,Diesel,6.09,198,Automatic,876031.83,Hyderabad,43.86,1.43,2143,16.9,1,59.3,0,2,27,23,31.4,0,3.47
Toyota,City,2020,155422,Diesel,5.33,159,Automatic,1038081.66,Pune,96.24,1.36,3901,48.1,1,74.8,1,0,1,3,29.9,1,5.13
Hyundai,Nexon,2019,59460,Diesel,7.42,175,Manual,995308.02,Chennai,18.43,0.43,1433,84.4,0,47.9,0,1,16,14,33.7,0,1.57
Maruti,City,2022,32915,Petrol,4.88,121,Automatic,520723.89,Delhi,87.85,1.2,3141,77.2,0,71.8,1,0,4,3,25.6,0,4.29
Mahindra,Seltos,2013,28877,Diesel,8.48,110,Manual,1308671.42,Chennai,96.59,0.27,3639,59.5,1,75.0,1,0,5,0,34.4,0,8.19
Toyota,Innova,2012,82975,Hybrid,8.68,143,Automatic,1567615.78,Delhi,65.44,0.77,2871,37.0,1,65.8,2,0,17,1,44.3,0,5.68
Hyundai,Creta,2021,112620,Hybrid,8.54,193,Automatic,1138958.64,Mumbai,21.45,1.75,1602,65.9,0,51.7,0,2,34,24,27.8,1,2.38
Mahindra,Innova,2014,36288,Diesel,4.09,120,Automatic,609418.33,Delhi,19.73,0.68,1484,74.3,0,41.6,0,1,37,15,36.1,0,0.93
Honda,City,2011,22432,Hybrid,8.26,129,Automatic,1073783.57,Chennai,62.63,0.69,2153,46.7,0,63.8,2,1,12,21,35.3,0,5.95
Kia,Seltos,2008,103067,Hybrid,8.09,188,Automatic,419778.22,Chennai,41.52,1.16,2337,37.9,1,49.3,0,2,37,48,28.2,0,4.37
Toyota,Seltos,2012,178230,Hybrid,6.68,132,Automatic,1670473.16,Bangalore,40.05,1.56,2124,57.0,0,52.2,2,2,5,43,38.3,1,3.48
Kia,Creta,2017,22124,Diesel,7.33,78,Automatic,736832.84,Delhi,31.35,0.97,1979,45.1,1,50.6,0,2,37,36,29.1,0,2.99
Honda,Creta,2017,161805,Hybrid,8.66,83,Automatic,1663304.15,Chennai,76.69,1.65,2867,50.2,0,67.1,1,0,0,3,28.8,0,6.64
Hyundai,Nexon,2008,175870,Petrol,3.8,182,Manual,1217748.8,Pune,28.12,1.46,1532,15.9,0,49.2,0,1,38,18,37.9,0,1.23
Honda,Innova,2010,143964,Diesel,5.85,77,Manual,1776666.32,Delhi,78.32,1.88,3123,71.2,1,67.0,1,0,2,2,34.1,0,4.58
Kia,Nexon,2015,117030,Electric,5.07,88,Manual,1589052.3,Pune,44.02,1.85,2379,76.6,0,53.0,0,2,34,38,42.4,0,2.9
Honda,City,2014,43496,Diesel,5.78,185,Automatic,415524.41,Chennai,71.34,0.53,2982,89.0,1,60.7,2,0,17,0,25.2,0,4.12
Mahindra,Seltos,2008,130039,Hybrid,3.82,161,Manual,421166.03,Pune,43.3,1.02,2128,84.5,1,55.8,2,0,8,2,39.6,1,1.65
Honda,City,2011,22529,Diesel,7.62,160,Automatic,1440815.46,Chennai,70.86,2.0,3179,67.0,1,61.2,1,0,0,2,37.9,1,5.4
Mahindra,Creta,2014,27944,Hybrid,9.14,76,Manual,1123513.58,Kolkata,89.99,2.03,3798,31.9,1,67.6,1,1,4,12,25.5,1,9.46
Kia,Nexon,2012,169464,Petrol,5.35,113,Manual,1457511.65,Pune,64.96,0.67,2692,79.1,0,65.4,2,0,5,2,24.6,1,3.48
Maruti,Nexon,2022,70857,Petrol,8.94,113,Manual,1225568.64,Bangalore,62.53,1.63,2279,69.6,1,60.3,2,2,16,20,24.1,0,7.27
Kia,City,2009,139260,Hybrid,4.48,72,Automatic,725193.51,Kolkata,25.65,0.93,1517,24.0,0,43.7,0,1,23,16,39.7,1,1.32
Toyota,Swift,2013,66927,Electric,4.38,121,Manual,1501248.67,Chennai,35.84,1.15,1718,72.8,0,55.9,2,1,7,24,38.9,1,1.81
Honda,Swift,2011,37129,Hybrid,6.77,178,Automatic,443450.22,Kolkata,27.88,0.32,1799,50.3,1,47.6,0,1,33,23,40.9,0,2.17
Honda,Innova,2022,106804,Electric,5.19,152,Manual,1529118.57,Hyderabad,15.45,1.38,1385,86.1,0,41.2,0,2,20,21,39.0,0,1.04
Honda,Seltos,2021,123669,Hybrid,6.83,94,Manual,1331119.32,Delhi,60.19,1.52,2420,28.6,0,57.7,1,0,3,5,42.9,0,4.11
Honda,Swift,2023,108127,Electric,5.92,191,Automatic,1342583.92,Hyderabad,96.69,1.46,3051,71.4,0,77.0,1,0,3,1,22.8,1,5.72
Maruti,Nexon,2016,145811,Petrol,8.91,190,Manual,461405.46,Hyderabad,46.11,1.81,2024,39.0,0,56.8,2,0,11,10,24.2,1,4.11
Maruti,Swift,2017,76346,Electric,4.32,126,Automatic,693683.52,Bangalore,25.9,1.43,1447,87.1,1,44.9,0,2,35,33,23.3,1,1.45
Hyundai,Innova,2019,164747,Hybrid,5.83,193,Automatic,1084511.51,Delhi,59.33,1.74,2937,50.1,0,61.6,2,0,16,3,36.4,0,3.46
Maruti,Seltos,2008,159244,Petrol,8.14,126,Automatic,1018890.99,Chennai,36.69,0.61,2105,76.0,1,53.9,0,2,30,32,23.8,1,3.88
Maruti,Innova,2016,95699,Diesel,4.44,173,Automatic,437051.78,Kolkata,33.23,0.53,1565,57.9,1,50.8,0,1,21,20,41.4,0,1.7
Honda,Seltos,2018,152628,Hybrid,6.78,178,Automatic,870163.08,Bangalore,28.79,1.9,1535,41.4,1,52.5,0,2,37,30,42.2,0,2.54
Tata,Swift,2017,49682,Electric,7.89,161,Manual,1754447.9,Hyderabad,42.8,1.79,1962,18.4,0,57.2,0,1,31,10,41.9,0,3.88
Tata,City,2023,82659,Electric,6.64,142,Automatic,829189.61,Hyderabad,36.09,0.25,1694,57.0,0,49.9,2,0,7,10,42.5,0,2.4
Toyota,City,2015,168354,Petrol,8.92,129,Automatic,1285897.11,Hyderabad,65.29,0.72,3046,38.1,1,57.5,2,1,16,8,44.4,0,6.7
Toyota,i20,2023,104829,Electric,6.16,88,Manual,1354370.06,Chennai,42.12,0.59,2203,37.0,1,50.3,0,2,19,48,28.6,0,3.37
Maruti,Swift,2021,167562,Petrol,5.0,114,Automatic,1273129.03,Hyderabad,28.94,1.69,1582,79.3,1,46.1,0,2,36,23,34.6,0,1.88
Kia,Creta,2019,24082,Electric,5.36,116,Automatic,805575.33,Chennai,36.92,0.31,1997,54.9,1,53.5,0,2,30,48,26.1,0,2.57
Kia,Swift,2010,172963,Diesel,8.32,154,Manual,1200364.49,Chennai,66.94,0.57,2414,46.8,0,59.5,1,0,2,10,22.2,0,5.57
Hyundai,Swift,2012,67364,Petrol,8.51,102,Automatic,1385731.83,Bangalore,26.21,2.15,1560,86.0,1,48.2,0,1,37,23,31.0,0,2.57
Kia,Innova,2018,59864,Hybrid,7.82,157,Manual,936649.67,Bangalore,15.8,0.31,1350,76.7,0,48.3,0,2,34,28,22.9,1,1.61
Kia,Innova,2022,66390,Electric,4.32,169,Automatic,792425.51,Bangalore,39.0,0.37,1875,29.4,0,51.2,0,2,38,34,40.7,1,2.19
Maruti,Seltos,2021,178680,Hybrid,6.46,153,Manual,784993.84,Delhi,48.66,1.85,1873,32.5,0,54.7,2,0,15,5,42.8,0,3.14
Tata,Seltos,2008,79879,Electric,8.11,144,Automatic,1685340.5,Kolkata,42.62,1.05,2043,47.1,1,52.6,2,0,10,11,29.1,0,3.46
Honda,Swift,2020,18891,Petrol,4.1,116,Manual,1302266.55,Chennai,77.88,1.61,2573,84.9,1,69.1,1,0,5,6,25.0,0,3.19
Honda,Swift,2016,151839,Petrol,6.36,197,Manual,1453407.0,Chennai,61.05,0.34,2218,16.5,1,61.0,1,1,5,9,30.9,0,4.47
Hyundai,City,2011,157172,Petrol,8.78,183,Automatic,1194952.33,Chennai,29.45,1.98,1748,19.9,0,48.0,0,1,19,12,33.1,0,2.97
Tata,City,2010,140799,Diesel,4.26,196,Automatic,1282642.77,Bangalore,70.62,1.41,3325,44.3,1,62.5,2,2,11,20,31.3,0,3.91
Mahindra,Swift,2011,19538,Hybrid,6.46,89,Manual,787126.7,Kolkata,36.61,1.37,1923,22.5,1,49.6,0,2,17,36,36.1,1,3.07
Hyundai,i20,2014,16522,Electric,4.48,121,Manual,1649969.16,Kolkata,17.8,2.13,1295,64.7,1,48.4,0,2,20,35,37.5,0,1.04
Toyota,i20,2010,42002,Petrol,8.67,134,Automatic,1101673.6,Hyderabad,97.24,0.24,3311,50.7,0,73.4,1,0,0,4,42.5,0,8.43
Honda,Swift,2022,11830,Hybrid,4.52,146,Automatic,1527492.57,Mumbai,30.38,2.03,1542,37.0,0,53.4,0,1,36,12,39.2,1,1.58
Mahindra,Creta,2019,166773,Diesel,3.88,145,Automatic,1125221.81,Mumbai,41.78,1.68,2218,41.9,0,50.1,0,1,27,17,38.6,0,1.86
Hyundai,Seltos,2016,99129,Electric,4.71,173,Manual,562847.88,Mumbai,87.13,1.14,3219,62.1,0,69.7,1,1,4,9,25.0,0,4.72
Hyundai,Innova,2013,155579,Diesel,6.72,145,Manual,556551.55,Chennai,81.94,0.31,3118,43.8,1,65.1,1,0,1,5,35.5,0,5.51
Kia,Innova,2012,115624,Hybrid,8.79,177,Manual,1049756.67,Chennai,68.91,1.61,2624,31.9,0,63.6,2,1,11,9,40.9,0,6.97
Maruti,City,2012,54904,Diesel,4.12,85,Manual,1001848.21,Kolkata,58.86,0.81,2405,13.0,0,55.0,2,2,8,42,29.7,1,3.15
Hyundai,Innova,2020,120344,Electric,9.48,71,Automatic,1678614.65,Chennai,74.18,0.23,2761,63.1,1,68.6,1,1,0,15,43.5,0,8.09
Mahindra,Seltos,2008,165039,Electric,9.24,139,Manual,584420.67,Mumbai,29.72,0.86,1877,77.2,1,52.2,0,2,31,43,39.4,0,3.57
Hyundai,Nexon,2022,50713,Hybrid,4.11,163,Automatic,1361179.5,Bangalore,44.66,0.58,2110,15.3,1,55.2,0,1,16,16,29.7,1,2.11
Maruti,Creta,2023,103926,Hybrid,8.97,183,Manual,1685396.51,Kolkata,29.5,0.59,1507,81.8,1,53.7,0,1,39,14,26.8,0,3.04
Kia,Seltos,2019,31883,Petrol,9.43,92,Manual,975507.32,Hyderabad,73.01,1.12,2867,71.4,0,62.8,1,1,1,13,34.0,1,7.92
Toyota,Innova,2008,167147,Petrol,9.22,71,Manual,1638971.44,Chennai,73.75,0.57,3456,60.7,1,68.3,1,0,2,1,26.7,1,6.8
Hyundai,Innova,2023,145015,Hybrid,5.82,80,Automatic,602036.8,Kolkata,22.13,0.98,1664,46.9,1,45.5,0,2,33,36,32.3,0,1.67
Tata,City,2011,59502,Petrol,7.06,94,Manual,547485.2,Hyderabad,35.35,1.74,2065,71.9,1,50.5,0,2,30,35,42.3,0,3.24
Toyota,Nexon,2019,47224,Hybrid,4.14,131,Manual,726715.65,Kolkata,81.18,1.67,3463,23.0,1,63.7,1,1,2,11,23.5,0,3.86
Tata,Innova,2016,18368,Diesel,7.61,71,Automatic,1129672.24,Mumbai,76.84,0.36,3091,14.5,0,67.5,1,0,0,1,23.0,1,5.85
Tata,Seltos,2019,176342,Electric,4.8,100,Automatic,1304979.48,Delhi,29.29,0.56,1815,42.5,1,46.1,0,1,32,9,38.0,0,1.62
Kia,Innova,2013,100152,Electric,4.38,183,Automatic,1479751.97,Bangalore,38.91,2.0,1784,26.1,0,57.6,0,1,26,19,29.8,1,1.96
Toyota,i20,2023,165168,Petrol,5.24,159,Automatic,1473171.32,Kolkata,21.28,1.91,1612,80.0,0,48.5,0,2,34,24,33.9,1,1.45
Hyundai,Innova,2012,103720,Hybrid,5.99,82,Manual,556633.91,Chennai,27.64,0.6,1700,24.2,0,49.9,0,2,20,48,36.4,1,2.15
Mahindra,Innova,2019,175267,Petrol,5.54,181,Manual,1623608.85,Hyderabad,18.28,1.61,1416,49.5,0,48.1,0,2,18,24,35.5,1,1.32
Tata,i20,2019,129765,Electric,7.02,195,Automatic,557268.38,Hyderabad,21.95,0.7,1620,60.0,1,51.2,0,2,23,46,39.1,1,2.0
Mahindra,City,2009,173033,Petrol,3.9,180,Automatic,1656934.98,Delhi,60.07,2.16,2429,55.7,0,60.0,1,1,0,14,35.8,1,2.69
Kia,Seltos,2012,82749,Hybrid,5.06,172,Manual,1740676.97,Chennai,39.25,1.29,1903,17.4,1,50.2,0,2,36,24,28.9,1,2.58
Kia,City,2020,152686,Electric,5.93,99,Automatic,1217739.71,Chennai,31.25,0.64,1625,15.5,0,47.5,0,2,21,42,38.3,1,2.41
Hyundai,Nexon,2010,150456,Hybrid,6.93,171,Manual,1371455.05,Mumbai,74.05,1.21,2884,52.1,0,60.4,1,1,2,19,27.8,0,5.9
Hyundai,i20,2009,99542,Electric,6.14,106,Automatic,917616.76,Bangalore,81.1,1.76,2755,50.7,0,71.2,1,0,3,7,31.4,1,4.98
Kia,Innova,2012,173435,Hybrid,6.21,151,Manual,1170916.96,Delhi,41.15,0.71,1897,16.3,1,51.9,2,0,14,2,32.3,1,2.56
Mahindra,Seltos,2022,50851,Electric,6.15,86,Manual,1564895.43,Pune,33.21,1.35,1970,80.8,1,51.3,0,1,25,17,41.8,0,2.35
Mahindra,Innova,2009,140334,Petrol,8.39,132,Automatic,623298.38,Chennai,49.87,1.78,2593,86.0,1,54.8,2,2,12,37,42.8,0,5.44
Tata,Creta,2020,169313,Electric,4.67,176,Automatic,1102444.18,Pune,73.68,0.36,3052,30.6,0,59.8,2,0,5,6,31.1,0,3.44
Honda,i20,2018,32417,Petrol,8.88,178,Manual,972906.71,Delhi,86.99,1.22,3507,71.3,0,73.4,1,0,4,7,33.4,0,7.72
Maruti,Nexon,2016,18440,Hybrid,5.55,84,Manual,1612939.78,Hyderabad,72.13,0.99,2545,20.5,0,68.2,1,0,2,1,27.0,1,4.0
Mahindra,i20,2009,151517,Electric,8.99,184,Automatic,583388.23,Bangalore,35.25,0.55,1937,81.6,0,56.5,0,1,15,14,38.2,1,3.64
Tata,Creta,2009,72158,Hybrid,4.36,79,Manual,1648456.78,Chennai,20.23,1.26,1491,23.7,1,42.7,0,2,19,37,35.5,0,1.15
Mahindra,i20,2015,135520,Diesel,8.3,153,Automatic,750379.7,Bangalore,16.64,0.67,1438,23.8,0,50.1,0,1,28,17,36.6,0,1.59
Toyota,Creta,2010,148239,Electric,3.75,156,Manual,1247977.19,Pune,96.85,1.76,3598,76.1,1,70.0,1,0,5,9,35.4,0,3.63
Tata,Swift,2019,34582,Petrol,9.06,78,Automatic,931857.79,Kolkata,17.24,2.0,1498,85.5,0,50.0,0,1,29,18,30.5,0,1.8
Tata,Creta,2016,60361,Diesel,9.32,174,Manual,1705840.43,Chennai,38.2,0.75,1704,83.0,0,55.8,0,1,25,12,28.0,0,4.09
Mahindra,Innova,2023,136723,Petrol,3.8,98,Manual,676538.73,Kolkata,39.33,0.65,2138,77.0,1,53.8,2,0,15,6,42.6,2,1.49
Hyundai,Creta,2017,38977,Petrol,8.32,127,Automatic,1103556.55,Hyderabad,36.78,0.58,2094,31.1,0,51.1,0,2,22,47,42.5,0,3.98
Mahindra,City,2016,42434,Petrol,4.4,158,Automatic,719604.66,Chennai,74.11,1.71,2943,47.7,0,65.8,1,0,5,3,23.0,1,3.26
Hyundai,Seltos,2019,128866,Hybrid,7.55,104,Automatic,1521717.88,Hyderabad,41.24,0.41,2232,35.7,0,51.5,0,1,20,14,22.0,1,3.58
Kia,Seltos,2021,75849,Hybrid,8.96,103,Automatic,779475.75,Delhi,16.17,2.05,1308,78.0,0,49.3,0,2,26,30,27.3,0,1.88
Mahindra,Seltos,2011,90346,Hybrid,8.94,178,Manual,1734882.58,Pune,24.9,0.24,1758,57.3,1,43.4,0,2,35,21,40.2,1,2.89
Mahindra,Seltos,2018,96578,Hybrid,4.78,159,Manual,1694157.99,Delhi,19.46,0.98,1364,65.5,0,43.2,0,2,33,23,22.8,0,1.21
Mahindra,Innova,2011,126846,Hybrid,4.14,194,Automatic,1065266.39,Pune,68.62,1.97,2762,16.6,0,67.2,2,2,8,45,38.5,0,3.69
Kia,i20,2012,45012,Petrol,7.42,97,Manual,418103.61,Chennai,41.34,1.16,2255,81.6,0,51.8,0,2,24,49,34.2,0,3.99
Toyota,i20,2023,26827,Diesel,7.54,105,Manual,1751584.84,Delhi,34.19,0.68,1607,40.6,0,55.7,0,2,34,40,28.8,0,3.35
Mahindra,Seltos,2011,156515,Diesel,5.44,159,Automatic,1360349.77,Mumbai,63.9,1.33,3050,62.8,0,58.8,1,0,0,10,22.8,1,3.48
Kia,Seltos,2011,132636,Diesel,9.42,91,Automatic,1088770.83,Kolkata,24.49,1.1,1556,42.1,1,43.2,0,2,24,37,29.3,0,3.0
Maruti,Seltos,2023,57348,Diesel,4.45,148,Automatic,1245719.8,Pune,29.56,0.69,1920,57.8,0,52.2,0,1,39,14,28.6,1,1.51
Maruti,City,2014,118293,Hybrid,4.65,91,Automatic,555379.79,Chennai,27.95,1.51,1633,23.9,0,50.3,0,2,21,47,29.8,1,1.69
Honda,i20,2022,7380,Electric,6.17,109,Manual,620552.38,Chennai,21.43,1.66,1383,49.7,0,46.6,0,2,39,35,39.2,0,1.72
Honda,Seltos,2009,121719,Diesel,7.02,171,Manual,1294477.04,Hyderabad,40.53,0.67,1871,19.5,1,50.5,0,2,36,37,38.2,1,3.7
Toyota,Swift,2014,87737,Electric,8.58,154,Automatic,468545.32,Chennai,31.16,1.83,1812,60.5,0,55.2,0,2,29,29,39.3,1,3.48
Maruti,Nexon,2010,15067,Electric,9.14,100,Manual,1383222.13,Delhi,95.58,1.72,2891,42.8,1,75.8,1,0,1,1,32.8,0,8.74
Maruti,i20,2015,29268,Electric,3.61,136,Manual,1687690.46,Pune,23.1,0.66,1388,42.5,0,44.6,0,2,16,21,34.1,0,1.08
Honda,Creta,2020,145551,Electric,8.88,165,Automatic,1392537.36,Pune,97.3,0.74,3350,56.1,1,73.2,1,0,1,6,36.0,1,8.64
Hyundai,Seltos,2015,84747,Diesel,5.52,137,Automatic,1184887.8,Pune,19.53,2.08,1308,77.5,1,48.5,0,2,39,21,32.8,0,1.4
Tata,Swift,2008,23501,Diesel,4.17,97,Automatic,1511884.86,Mumbai,75.1,1.65,3029,18.7,0,61.5,1,1,2,14,23.0,1,3.6
Toyota,Innova,2018,72607,Petrol,5.46,73,Automatic,1447852.04,Bangalore,16.8,1.79,1381,27.6,1,49.4,0,2,35,46,41.3,0,1.19
Hyundai,Creta,2013,172291,Electric,8.87,90,Manual,1226923.96,Pune,85.88,0.96,3688,19.1,0,71.5,1,0,0,8,42.8,1,7.62
Toyota,Innova,2012,169593,Diesel,5.5,122,Automatic,675832.22,Mumbai,72.19,0.51,3292,46.6,1,60.3,1,0,2,1,41.4,0,3.97
Honda,Creta,2014,147103,Petrol,5.52,179,Manual,410964.79,Hyderabad,46.25,1.56,2402,68.1,0,55.0,2,1,15,19,43.9,2,2.94
Hyundai,Swift,2020,77624,Petrol,7.18,193,Automatic,1040227.77,Bangalore,67.32,1.42,2394,74.9,0,64.0,1,0,5,0,26.0,1,4.83
Mahindra,Swift,2009,174100,Petrol,7.53,185,Manual,737457.41,Hyderabad,35.88,1.55,1783,43.9,0,49.1,0,2,19,25,32.1,2,3.51
Honda,i20,2009,128745,Diesel,6.64,117,Manual,717979.96,Delhi,27.73,0.28,1594,47.4,0,44.3,0,1,25,10,36.8,0,2.12
Tata,Nexon,2012,57039,Hybrid,9.42,165,Manual,1109374.38,Bangalore,31.08,0.5,1702,18.2,0,55.1,0,2,19,29,26.0,0,3.81
Tata,Creta,2023,26689,Electric,9.26,83,Automatic,925552.2,Bangalore,90.81,1.32,3687,73.2,0,68.4,1,1,4,17,25.5,0,9.67
Honda,Innova,2008,7209,Electric,8.32,141,Automatic,1105678.2,Mumbai,71.81,0.73,2680,83.0,0,64.5,2,0,11,2,33.4,0,5.97
Mahindra,Creta,2015,78518,Diesel,8.13,153,Manual,776985.6,Pune,86.45,1.22,2969,84.1,1,64.2,1,0,4,11,34.2,0,7.03
Maruti,Innova,2014,113036,Electric,4.39,71,Manual,1254164.3,Kolkata,48.88,1.95,2131,80.3,1,61.1,2,1,13,20,28.2,0,2.47
Mahindra,Swift,2016,45399,Electric,4.05,138,Automatic,1270780.96,Delhi,22.05,0.91,1617,19.4,1,51.9,0,1,26,22,44.2,1,1.03
Mahindra,Nexon,2015,128546,Hybrid,9.32,129,Automatic,692484.27,Mumbai,43.87,1.04,2413,12.7,1,51.7,0,1,20,21,30.8,0,4.7
Tata,Innova,2014,52529,Diesel,3.97,117,Automatic,1194461.14,Kolkata,19.78,0.37,1521,26.7,0,49.8,0,1,35,23,32.3,0,0.9
Toyota,Creta,2022,5158,Diesel,8.34,75,Manual,1023301.98,Delhi,35.18,1.71,1922,73.5,1,53.4,0,2,18,45,31.1,0,3.81
Hyundai,Seltos,2016,26133,Hybrid,3.79,145,Manual,1757196.55,Bangalore,17.86,2.13,1340,39.1,1,48.9,0,2,36,31,33.2,1,0.88
Toyota,Swift,2021,147942,Petrol,4.57,135,Manual,1410497.16,Bangalore,38.03,0.9,2157,58.9,0,51.3,0,1,31,13,33.6,1,2.0
Hyundai,Seltos,2019,103253,Petrol,6.01,99,Manual,654648.33,Kolkata,39.18,0.27,1941,72.0,0,53.2,2,1,13,12,38.9,1,2.71
Hyundai,Seltos,2010,88159,Petrol,9.32,170,Manual,1634839.72,Hyderabad,62.47,0.21,2455,87.4,0,64.9,1,1,1,14,32.0,1,6.7
Tata,i20,2014,65814,Hybrid,6.04,167,Manual,1067830.12,Kolkata,23.9,0.77,1613,76.9,1,48.3,0,2,28,41,39.1,1,1.88
Tata,i20,2019,44163,Electric,4.33,94,Automatic,1585599.46,Hyderabad,17.26,1.5,1396,88.5,0,41.7,0,2,29,47,26.8,0,0.97
Toyota,City,2012,33691,Electric,4.55,174,Manual,1563270.55,Kolkata,47.69,2.09,2317,35.3,0,53.2,2,1,11,10,43.4,0,2.5
Tata,City,2008,131321,Diesel,7.48,184,Manual,424290.8,Hyderabad,38.63,0.56,1806,77.2,0,54.1,0,2,17,48,26.5,1,3.76
Maruti,Innova,2013,153409,Diesel,9.35,142,Manual,727126.65,Bangalore,41.91,0.85,2334,63.1,1,54.2,0,2,34,44,28.2,0,5.09
Toyota,i20,2016,12781,Hybrid,3.87,71,Automatic,1675528.25,Bangalore,71.57,0.58,2670,84.8,1,64.9,1,0,1,6,22.9,1,2.77
Maruti,Swift,2014,171682,Electric,8.75,175,Automatic,1477642.84,Mumbai,89.64,1.69,3166,84.9,0,74.8,1,0,2,1,34.0,0,7.84
Hyundai,Seltos,2023,37767,Petrol,6.66,168,Manual,589455.78,Pune,76.53,2.05,2761,58.6,0,70.2,1,0,0,1,35.1,0,5.1
Mahindra,Swift,2012,174472,Diesel,4.53,176,Automatic,697209.33,Mumbai,61.71,1.1,2579,81.6,1,57.3,2,1,4,8,44.9,0,3.21
Mahindra,City,2010,162242,Hybrid,6.94,87,Manual,1266106.39,Chennai,24.97,1.85,1676,57.1,1,45.2,0,1,31,20,24.0,1,1.99
Mahindra,Nexon,2012,51714,Electric,7.7,143,Manual,790174.23,Bangalore,51.8,1.38,2063,74.6,0,53.8,2,1,8,18,44.4,0,4.59
Hyundai,Innova,2020,55150,Hybrid,7.17,76,Manual,685981.41,Kolkata,40.33,0.81,2007,83.8,0,51.2,0,1,37,15,28.9,1,3.33
Kia,i20,2008,84322,Diesel,9.05,128,Manual,1776776.38,Delhi,76.61,1.1,3088,86.7,0,65.7,1,0,1,3,31.5,0,6.93
Mahindra,Innova,2008,122629,Hybrid,7.35,126,Automatic,1042068.6,Kolkata,69.98,1.9,2895,69.9,1,63.9,1,0,5,4,43.1,0,5.14
Hyundai,Seltos,2013,12518,Electric,6.02,183,Automatic,1127188.36,Delhi,83.94,0.39,2711,43.0,0,63.0,1,0,0,0,37.3,0,5.05
Tata,Nexon,2018,56095,Hybrid,5.27,94,Automatic,1313134.06,Mumbai,24.96,1.02,1416,45.6,0,50.2,0,1,27,23,22.6,0,1.51
Honda,Seltos,2017,78986,Petrol,5.84,80,Automatic,506029.1,Bangalore,61.19,0.73,2279,47.9,0,59.4,2,0,3,3,43.4,1,3.57
Kia,Innova,2008,160791,Hybrid,5.05,133,Automatic,955143.57,Pune,27.8,0.43,1545,30.5,0,47.3,0,1,32,22,42.6,0,1.61
Toyota,City,2017,170953,Electric,6.07,108,Automatic,1667599.4,Hyderabad,72.92,1.2,2588,79.8,0,69.2,1,0,3,6,24.5,0,4.43
Hyundai,Nexon,2016,175020,Petrol,5.64,124,Automatic,1720504.65,Mumbai,41.27,1.36,2045,15.6,1,54.3,2,1,4,10,25.8,0,2.68
Maruti,Seltos,2023,159251,Electric,6.42,70,Manual,1093366.76,Chennai,66.98,1.42,2753,62.0,1,65.8,1,1,1,9,36.6,0,4.95
Hyundai,Swift,2014,52451,Hybrid,3.89,112,Manual,1649097.78,Chennai,44.06,0.34,2014,17.2,0,57.1,0,1,32,10,31.4,0,1.97
Honda,Creta,2018,23904,Petrol,8.87,79,Automatic,1098648.93,Pune,24.9,0.87,1665,60.1,1,47.0,0,2,33,29,37.2,0,2.87
Tata,Creta,2013,104066,Diesel,8.58,77,Manual,1779854.77,Delhi,98.69,2.11,3665,30.2,0,75.1,1,1,1,19,36.4,1,9.74
Maruti,Nexon,2013,66116,Diesel,6.94,96,Automatic,1502063.94,Delhi,72.93,0.23,2687,18.6,0,62.0,2,2,17,25,23.4,1,6.58
Toyota,Creta,2023,124503,Petrol,8.97,197,Manual,1562434.29,Chennai,39.93,1.5,2061,89.9,0,52.3,0,1,27,16,27.7,0,4.12
Hyundai,Nexon,2022,98707,Electric,5.66,95,Automatic,661004.37,Hyderabad,60.84,1.57,2294,40.7,0,57.2,2,1,6,18,32.4,1,3.96
Tata,i20,2011,58972,Diesel,8.4,194,Automatic,406282.82,Kolkata,22.78,0.72,1647,42.3,0,45.3,0,2,22,43,44.7,0,2.49
Honda,City,2016,158324,Hybrid,4.61,192,Manual,1106930.41,Delhi,31.88,0.82,1542,15.8,0,47.9,0,2,16,21,31.9,1,1.91
Honda,Nexon,2020,108801,Petrol,9.33,169,Automatic,1775926.61,Chennai,99.32,1.85,3064,29.0,0,72.4,1,0,5,0,42.2,0,9.27
Honda,Innova,2018,68125,Electric,5.83,88,Automatic,1754161.6,Pune,20.76,0.4,1465,53.5,1,43.8,0,2,18,48,23.4,0,1.57
Mahindra,Innova,2023,98586,Electric,7.04,138,Manual,1259859.8,Bangalore,15.31,1.87,1255,16.7,0,44.5,0,2,25,23,27.8,0,1.4
Mahindra,Swift,2009,167315,Petrol,4.71,149,Manual,658517.72,Chennai,40.94,0.49,2310,77.5,0,54.8,0,2,31,42,29.6,1,2.51
Hyundai,Innova,2016,86611,Electric,7.02,186,Automatic,412564.99,Kolkata,69.28,1.92,2354,68.4,1,59.6,1,0,3,6,22.0,0,4.86
Honda,City,2011,83998,Diesel,4.82,157,Automatic,1095090.21,Chennai,21.87,0.58,1650,46.7,0,51.8,0,2,24,28,42.7,1,1.37
Toyota,Swift,2019,13955,Petrol,8.67,164,Automatic,822727.55,Bangalore,68.41,0.92,2929,29.2,0,62.3,1,0,1,4,29.5,0,5.93
Maruti,Innova,2019,120170,Diesel,8.97,122,Automatic,871504.89,Mumbai,60.49,2.04,2608,60.0,0,60.1,2,1,12,19,37.0,0,6.24
Toyota,Creta,2015,145424,Electric,4.38,92,Automatic,1566580.94,Kolkata,78.47,1.59,2937,87.8,1,62.1,1,0,1,9,25.3,0,3.44
Kia,i20,2016,150409,Petrol,6.62,72,Automatic,525081.95,Hyderabad,16.55,2.19,1386,53.2,1,45.2,0,2,36,48,28.1,0,1.42
Kia,Innova,2022,162476,Diesel,7.89,160,Automatic,526980.24,Delhi,69.84,2.18,3329,24.4,0,64.8,2,1,6,12,32.7,0,6.34
Kia,Seltos,2013,55506,Diesel,5.39,162,Manual,1019694.32,Hyderabad,15.62,1.52,1328,89.7,0,48.9,0,1,33,19,33.3,0,0.97
Honda,Creta,2019,137292,Electric,5.98,162,Manual,978812.87,Mumbai,93.41,1.37,3751,46.9,0,72.4,1,0,5,7,36.6,2,5.59
Toyota,i20,2020,121196,Hybrid,4.16,141,Automatic,489437.9,Delhi,41.12,2.13,1871,66.6,0,56.3,0,2,19,40,24.5,1,2.22
Maruti,Innova,2017,90385,Electric,5.5,147,Automatic,1163700.53,Hyderabad,66.74,0.76,3048,30.7,0,67.0,2,1,14,19,33.0,1,4.22
Maruti,Nexon,2021,151918,Hybrid,6.61,195,Manual,1004841.64,Bangalore,27.9,1.34,1710,26.9,0,54.3,0,1,16,23,26.8,0,2.12
Kia,City,2009,76756,Petrol,8.0,139,Manual,1790280.73,Bangalore,82.77,1.96,2594,78.4,1,70.1,1,0,5,2,22.3,0,6.62
Maruti,Swift,2012,141167,Diesel,4.5,76,Automatic,492520.81,Hyderabad,29.27,1.42,1643,51.6,0,45.5,0,2,23,26,44.0,0,1.71
Kia,Seltos,2017,6876,Hybrid,8.29,149,Manual,564387.46,Kolkata,66.13,0.64,2724,27.7,0,61.7,1,1,0,17,42.3,0,6.3
Hyundai,Seltos,2019,150609,Petrol,4.82,119,Manual,621793.2,Mumbai,61.16,1.36,2517,31.0,0,57.3,2,1,11,13,39.2,0,3.39
Maruti,Nexon,2011,20422,Diesel,8.12,107,Manual,854805.23,Hyderabad,22.56,0.27,1364,44.1,0,50.5,0,1,38,16,32.1,0,2.11
Kia,Innova,2012,90806,Hybrid,4.54,183,Manual,1330295.69,Kolkata,65.24,1.71,2537,47.8,1,59.8,2,2,9,39,36.1,1,3.85
Kia,Seltos,2018,120144,Diesel,7.83,126,Automatic,1753107.43,Delhi,39.11,1.75,1707,66.5,0,52.7,0,2,20,45,44.0,0,3.98
Honda,Innova,2012,87356,Hybrid,8.86,109,Manual,1670768.49,Kolkata,30.29,0.92,1634,83.2,0,53.3,0,1,35,18,22.5,0,3.09
Mahindra,Swift,2012,92055,Diesel,4.57,163,Automatic,1018946.53,Hyderabad,21.48,2.09,1623,38.0,1,45.0,0,2,39,43,45.0,0,1.28
Tata,i20,2022,49503,Petrol,7.55,97,Manual,499292.47,Mumbai,58.4,0.6,2636,75.1,0,59.4,2,1,14,22,43.6,1,5.07
Toyota,Swift,2008,147493,Hybrid,6.68,83,Manual,1302913.95,Chennai,30.8,1.23,1784,52.4,0,51.1,0,2,15,25,25.0,1,2.67
Honda,Innova,2023,37012,Diesel,5.88,118,Automatic,984749.5,Hyderabad,29.57,0.31,1626,27.6,0,47.7,0,1,36,15,34.5,0,2.0
Toyota,Creta,2023,63299,Hybrid,7.73,133,Manual,432674.02,Pune,25.98,2.18,1534,30.5,0,47.5,0,1,26,8,22.0,0,2.31
Maruti,Swift,2008,14350,Hybrid,7.69,92,Manual,1544324.14,Mumbai,32.42,1.63,1801,48.4,0,53.3,0,1,19,13,41.6,0,2.87
Hyundai,i20,2018,67001,Electric,5.53,139,Manual,1140957.81,Chennai,20.3,1.3,1340,23.5,0,43.6,0,2,16,33,29.6,1,1.46
Tata,Seltos,2014,67947,Diesel,5.71,115,Automatic,1013020.46,Pune,53.72,0.59,2034,36.7,0,57.1,2,0,16,4,33.0,1,3.07
Tata,Innova,2023,147548,Petrol,8.12,132,Manual,1413102.99,Bangalore,36.89,1.9,1966,62.5,0,52.5,2,1,3,18,40.3,0,3.44
Tata,Seltos,2020,161701,Hybrid,8.25,103,Manual,1601450.02,Bangalore,65.17,1.37,2265,13.7,1,64.0,1,1,1,22,38.0,1,6.18
Tata,Swift,2016,133666,Diesel,9.46,139,Automatic,1705127.41,Delhi,44.31,1.93,2367,24.1,1,53.1,2,2,3,38,27.0,0,5.45
Mahindra,Seltos,2012,63224,Petrol,9.14,191,Automatic,864271.52,Pune,52.69,1.72,2004,82.5,1,54.5,2,0,15,4,37.9,1,4.82
Tata,City,2018,87258,Electric,9.1,125,Manual,657355.91,Kolkata,44.49,1.81,2211,46.3,0,53.3,2,2,3,20,23.6,1,5.26
Kia,i20,2016,34197,Electric,9.1,136,Automatic,862431.87,Mumbai,28.08,0.49,1786,52.5,0,48.8,0,2,21,33,34.5,2,3.32
Hyundai,City,2008,68347,Diesel,8.49,120,Automatic,1766827.21,Hyderabad,43.48,1.79,1793,30.0,0,56.0,2,0,4,1,35.9,1,3.69
Maruti,Nexon,2023,8049,Diesel,7.49,176,Automatic,537870.26,Delhi,70.71,0.7,2585,86.4,0,59.0,2,1,15,21,36.4,2,6.09
Honda,Seltos,2009,140710,Hybrid,4.29,136,Automatic,1730402.9,Chennai,43.75,0.82,1995,61.7,0,57.4,2,0,6,2,34.8,1,1.88
Hyundai,City,2021,59918,Diesel,5.24,170,Automatic,1265853.43,Pune,50.56,1.8,2360,53.7,1,54.8,2,1,3,17,26.6,0,3.05
Toyota,Nexon,2019,96390,Electric,9.06,128,Manual,413554.51,Hyderabad,18.71,1.92,1383,25.2,1,49.2,0,1,15,18,34.7,0,1.95
Kia,i20,2023,12264,Diesel,9.33,111,Manual,1602804.24,Chennai,60.3,1.61,2146,89.9,0,64.7,1,1,2,15,36.2,0,6.47
Kia,Swift,2020,16585,Petrol,7.95,105,Manual,1353656.01,Hyderabad,28.56,0.45,1618,48.9,0,48.6,0,2,31,34,24.5,1,2.95
Toyota,i20,2015,5635,Electric,3.87,105,Automatic,602476.56,Hyderabad,40.88,0.82,1767,73.3,1,56.1,0,2,15,40,30.1,1,2.06
Hyundai,Creta,2014,156523,Hybrid,8.63,141,Manual,877891.15,Chennai,62.43,1.42,2233,37.1,0,64.5,2,1,12,15,36.3,0,6.2
Tata,i20,2010,178181,Diesel,4.54,185,Manual,1622035.88,Mumbai,43.58,0.79,2205,16.5,1,50.2,0,1,26,20,28.0,0,2.28
Maruti,i20,2020,51534,Hybrid,7.95,168,Automatic,1420090.63,Hyderabad,29.25,0.88,1708,26.3,0,50.5,0,1,31,15,37.8,1,2.67
Mahindra,Innova,2014,72285,Petrol,5.42,150,Manual,846119.68,Hyderabad,43.71,2.19,2064,33.3,0,54.3,0,2,39,47,30.9,1,3.08
Hyundai,Creta,2012,117481,Electric,4.49,133,Automatic,1511899.92,Delhi,24.2,1.99,1548,24.2,1,48.4,0,2,20,25,28.8,0,1.41
Mahindra,Seltos,2020,71767,Electric,4.48,100,Manual,756728.01,Hyderabad,51.04,1.63,2466,76.7,1,60.8,2,2,3,49,39.0,1,2.97
Kia,Seltos,2010,101699,Petrol,4.25,140,Manual,1169185.09,Kolkata,66.33,0.82,2515,17.4,1,57.6,1,1,5,24,23.6,0,3.24
Toyota,Creta,2023,137524,Diesel,9.49,173,Manual,1706992.88,Pune,21.65,1.4,1488,13.7,0,49.7,0,2,27,30,23.1,1,2.67
Mahindra,Innova,2019,94519,Hybrid,6.61,158,Automatic,1010708.33,Pune,43.7,0.54,1853,54.7,1,52.7,0,1,36,13,42.8,0,3.32
Kia,Seltos,2012,42238,Diesel,5.97,84,Automatic,1178746.8,Hyderabad,29.18,1.78,1587,59.1,0,49.2,0,2,21,47,28.8,1,2.26
Kia,i20,2015,102010,Hybrid,4.74,137,Manual,1486672.99,Kolkata,20.81,0.23,1489,83.5,0,49.8,0,1,19,17,29.8,1,1.13
Toyota,Seltos,2022,83436,Hybrid,6.0,157,Manual,685231.92,Delhi,91.4,1.29,3670,39.7,0,66.0,1,0,4,0,39.9,0,5.48
Mahindra,Innova,2013,120574,Electric,8.72,198,Automatic,1028682.06,Pune,79.66,2.13,3182,28.8,0,66.6,1,1,5,8,25.7,1,7.99
Toyota,Creta,2016,16966,Electric,4.45,198,Automatic,1688076.18,Pune,35.38,1.2,1748,33.8,1,55.8,2,2,16,21,36.6,1,2.05
Hyundai,Seltos,2009,47241,Electric,6.52,147,Automatic,1312580.46,Chennai,26.51,0.81,1761,65.0,0,44.3,0,1,22,9,25.8,0,1.99
Toyota,Innova,2011,108287,Electric,6.72,166,Manual,1381933.14,Delhi,84.85,1.33,3541,20.9,0,65.6,1,0,2,4,42.4,0,5.7
Hyundai,Innova,2011,58818,Electric,8.6,163,Manual,1747141.55,Hyderabad,53.36,1.56,2657,84.9,0,55.9,2,1,8,9,24.3,0,5.28
Hyundai,i20,2020,41388,Electric,5.03,91,Automatic,1224465.77,Mumbai,33.77,0.82,1901,35.2,0,54.0,0,2,16,33,26.4,0,2.21
Mahindra,i20,2018,79539,Petrol,5.13,114,Automatic,1618752.52,Bangalore,30.31,0.24,1930,73.6,0,47.2,0,1,16,23,34.2,0,1.79
Toyota,Creta,2019,91313,Diesel,6.0,123,Manual,1789397.58,Hyderabad,61.97,1.91,2653,35.2,0,55.7,2,0,6,3,26.6,1,3.72
Hyundai,Nexon,2017,79217,Hybrid,3.56,198,Automatic,1346765.87,Chennai,40.71,1.37,2263,34.2,1,53.5,0,2,23,47,33.2,0,1.88
Hyundai,Creta,2009,11354,Petrol,4.06,98,Automatic,1358691.32,Pune,21.85,0.92,1351,89.7,1,42.5,0,2,35,32,41.9,0,1.15
Toyota,Swift,2013,56371,Petrol,7.68,132,Automatic,653440.95,Hyderabad,24.71,1.47,1610,61.2,1,46.6,0,2,29,31,42.9,1,2.47
Toyota,Nexon,2013,95115,Electric,6.91,78,Automatic,1048298.66,Chennai,34.1,1.88,1695,16.1,1,49.7,0,1,15,9,31.0,0,2.71
Kia,Seltos,2010,178818,Hybrid,3.91,156,Automatic,1432963.05,Hyderabad,18.22,0.62,1326,51.4,1,45.0,0,2,24,27,35.9,0,0.93
Tata,Swift,2012,95107,Diesel,6.07,192,Automatic,879611.34,Mumbai,39.14,1.16,2143,59.6,0,56.4,0,2,18,29,29.7,0,3.09
Toyota,Creta,2014,54828,Diesel,6.03,156,Automatic,563565.5,Bangalore,39.39,1.53,2181,17.7,0,49.4,0,1,22,11,37.8,1,2.73
Hyundai,Creta,2017,66213,Diesel,9.07,149,Automatic,429293.04,Kolkata,88.53,1.15,3117,66.4,0,68.5,1,1,2,12,39.6,0,9.23
Toyota,i20,2008,121921,Diesel,7.35,173,Automatic,1336220.28,Delhi,94.19,1.19,3918,18.3,0,67.2,1,1,1,15,22.5,0,7.96
Maruti,Swift,2017,137252,Petrol,7.87,84,Automatic,446585.36,Chennai,58.16,0.6,2767,39.4,1,57.8,2,0,7,5,37.2,0,4.58
Kia,Seltos,2013,101049,Diesel,5.33,109,Automatic,1083550.29,Bangalore,24.46,0.96,1653,48.0,1,46.4,0,1,27,19,38.7,0,1.5
Maruti,Creta,2011,126730,Electric,4.88,100,Manual,1635793.87,Pune,33.44,0.31,1713,88.8,0,55.4,0,1,27,17,35.3,1,1.88
Kia,Creta,2020,98002,Diesel,9.33,128,Manual,1553593.75,Kolkata,28.6,0.73,1803,54.5,1,51.6,0,2,19,40,29.5,0,3.47
Honda,Seltos,2021,97921,Hybrid,5.3,99,Automatic,1407132.54,Pune,50.79,0.93,1930,46.3,1,55.3,2,1,14,14,33.3,1,3.1
Tata,Creta,2019,47452,Hybrid,9.39,114,Manual,1603651.27,Delhi,57.93,2.12,2555,75.4,1,61.7,2,1,10,21,29.2,0,6.26
Mahindra,Innova,2023,38869,Hybrid,4.32,118,Manual,1447809.05,Chennai,58.3,2.03,2766,39.9,0,56.1,2,0,12,4,37.3,0,2.52
Maruti,Swift,2023,122222,Electric,8.19,132,Automatic,425432.79,Bangalore,24.32,1.8,1678,39.6,1,51.2,0,2,15,46,29.1,0,2.59
Honda,Creta,2009,48881,Hybrid,7.09,144,Manual,1059709.12,Kolkata,43.02,0.21,1854,15.2,0,53.2,0,2,20,20,26.4,0,3.97
Kia,City,2023,85862,Electric,8.83,128,Automatic,420550.03,Delhi,36.98,1.48,1682,28.2,0,52.4,0,2,24,20,22.1,1,4.24
Tata,Seltos,2015,102703,Electric,5.35,183,Manual,1177097.96,Chennai,16.94,2.01,1270,69.6,0,47.5,0,1,24,24,32.2,0,1.04
Tata,City,2014,129570,Electric,4.24,79,Manual,730638.89,Delhi,83.41,1.55,3534,40.1,0,65.9,1,0,3,5,32.1,0,3.54
Toyota,Creta,2013,148824,Petrol,9.37,135,Manual,1017550.65,Chennai,69.15,1.56,3051,29.1,0,60.3,1,0,2,7,33.4,1,6.48
Kia,Nexon,2021,178474,Diesel,5.94,192,Manual,685627.91,Mumbai,79.77,0.78,3604,57.7,0,66.6,1,0,2,6,26.3,2,4.74
Hyundai,Innova,2023,15426,Diesel,6.3,117,Automatic,1546965.96,Delhi,18.04,0.74,1465,20.2,0,50.0,0,1,28,14,39.6,0,1.31
Maruti,Swift,2018,151962,Petrol,6.64,160,Automatic,658048.54,Delhi,24.86,1.98,1745,70.6,1,44.1,0,2,24,33,41.4,0,2.15
Maruti,Innova,2019,140042,Electric,6.67,172,Automatic,856914.74,Mumbai,95.18,0.48,3779,68.4,0,76.0,1,0,1,4,38.7,0,6.35
Tata,Innova,2021,105214,Petrol,6.04,90,Automatic,421246.24,Chennai,67.21,0.44,2567,48.3,0,58.4,2,0,9,4,37.0,1,4.06
Kia,i20,2014,5302,Petrol,9.02,75,Automatic,833417.4,Mumbai,99.08,1.37,3691,30.6,0,75.6,1,0,0,5,36.4,0,8.94
Toyota,Innova,2022,80628,Electric,4.39,177,Manual,436729.87,Delhi,83.2,1.52,3075,24.0,0,66.1,1,0,1,11,42.9,0,3.65
Kia,Nexon,2019,29697,Petrol,7.39,100,Automatic,1029981.23,Hyderabad,26.62,1.59,1778,87.4,0,47.3,0,2,31,31,25.4,1,2.56
Toyota,City,2010,125977,Diesel,6.3,108,Automatic,437741.87,Kolkata,93.65,1.58,4168,26.3,1,75.9,1,0,5,11,25.8,0,5.9
Kia,Swift,2016,97363,Petrol,8.05,151,Automatic,943435.13,Kolkata,61.49,1.02,2381,50.5,1,56.1,1,0,3,6,39.1,0,4.95
Toyota,i20,2009,128428,Diesel,8.37,94,Automatic,1249158.77,Chennai,69.47,0.62,2759,44.9,1,65.4,1,1,5,11,29.5,1,6.69
Honda,City,2018,25524,Hybrid,5.44,126,Manual,1674027.08,Hyderabad,19.67,0.37,1425,23.1,0,42.9,0,2,27,34,39.8,1,1.39
Hyundai,Creta,2010,75796,Hybrid,8.11,153,Manual,1175124.62,Delhi,37.31,0.28,1935,72.3,0,49.4,0,2,24,23,33.2,1,3.93
Hyundai,Creta,2022,83390,Petrol,5.56,168,Manual,1121127.58,Chennai,99.92,2.0,2931,28.0,0,75.8,1,0,3,6,41.5,0,5.56
Toyota,i20,2012,78315,Diesel,5.65,194,Manual,466095.57,Hyderabad,21.05,1.68,1535,77.5,0,45.0,0,2,33,44,44.5,1,1.55
Kia,Swift,2019,135392,Hybrid,9.19,116,Manual,923957.41,Kolkata,40.87,1.95,2095,44.2,0,57.6,0,1,19,8,23.1,1,4.32
Mahindra,i20,2015,27071,Hybrid,4.46,189,Automatic,951034.95,Hyderabad,43.92,1.28,1885,68.2,1,50.1,0,1,21,16,31.5,0,2.25
Tata,i20,2017,145050,Petrol,8.33,121,Automatic,853133.88,Kolkata,21.29,1.01,1575,84.3,0,46.0,0,1,35,23,43.2,0,2.04
Kia,Nexon,2021,27349,Diesel,9.04,88,Manual,1644911.32,Chennai,48.31,0.56,2489,70.5,0,51.3,2,1,14,14,45.0,1,5.02
Honda,Creta,2013,77324,Petrol,3.92,120,Manual,954057.85,Chennai,81.1,1.5,2524,89.8,1,63.2,1,0,5,10,25.6,1,3.18
Tata,Creta,2010,44174,Diesel,8.38,115,Automatic,695300.88,Pune,68.27,0.33,2998,44.9,0,59.1,1,1,4,19,42.7,0,6.58
Toyota,City,2009,64546,Electric,6.46,152,Automatic,1499023.02,Kolkata,51.57,0.77,2030,73.4,0,55.7,2,0,4,3,40.9,1,3.33
Hyundai,Nexon,2014,152614,Diesel,3.88,70,Manual,1537535.13,Chennai,75.98,1.72,2641,68.1,0,68.4,1,0,5,6,27.6,0,2.95
Kia,Creta,2013,95600,Diesel,9.39,119,Automatic,883573.39,Delhi,63.02,1.87,2565,23.4,0,57.3,2,1,11,22,38.0,1,6.81
Kia,Nexon,2011,47703,Diesel,8.6,191,Manual,1549918.6,Pune,41.94,1.27,2294,18.1,1,51.5,0,2,17,42,35.9,0,4.69
Maruti,Swift,2019,12127,Petrol,4.72,151,Manual,1387930.64,Mumbai,22.31,0.83,1433,12.3,0,49.5,0,1,35,13,39.1,0,1.21
Mahindra,Nexon,2009,129013,Hybrid,9.18,192,Manual,554009.14,Pune,81.64,0.91,3295,33.7,0,62.5,1,0,4,5,36.8,0,7.49
Hyundai,Creta,2013,119272,Diesel,6.35,193,Automatic,915393.78,Mumbai,61.07,1.55,2525,22.2,0,63.2,2,1,17,19,25.6,0,4.46
Mahindra,Innova,2016,121869,Diesel,3.8,134,Manual,1592910.52,Hyderabad,45.0,0.89,2370,74.6,1,59.1,0,2,34,45,38.8,1,2.22
Maruti,i20,2016,119613,Diesel,6.94,174,Automatic,922123.57,Hyderabad,32.53,1.41,1668,76.8,0,50.3,0,1,26,13,34.9,1,2.6
Maruti,Swift,2013,149865,Electric,5.19,84,Automatic,1611109.59,Mumbai,35.43,0.87,1896,50.6,0,48.8,0,2,38,37,31.8,1,2.39
Kia,Innova,2021,120210,Petrol,5.6,128,Manual,1023640.84,Mumbai,58.46,0.3,2071,75.2,0,63.5,2,0,9,1,30.2,0,3.27
Kia,Swift,2021,141980,Diesel,5.56,187,Automatic,1190469.55,Mumbai,18.66,1.68,1406,56.0,1,48.9,0,2,31,22,26.1,1,1.35
Toyota,Creta,2013,46190,Electric,6.39,158,Automatic,945144.22,Pune,82.02,0.59,3089,89.2,0,66.2,1,0,3,10,37.1,2,5.24
Kia,Seltos,2022,34757,Hybrid,7.18,156,Manual,1258718.66,Delhi,32.04,2.12,1901,29.0,0,47.0,0,2,17,42,35.1,1,2.99
Toyota,Innova,2012,88991,Electric,5.99,168,Automatic,1133635.1,Bangalore,18.81,0.52,1300,59.3,0,47.7,0,2,34,34,43.5,0,1.46
Hyundai,Nexon,2017,168393,Electric,3.83,126,Automatic,1579501.7,Mumbai,43.03,1.46,2276,57.5,0,54.4,0,2,29,44,43.0,2,2.14
Honda,Innova,2011,96702,Electric,8.09,163,Manual,1754303.69,Hyderabad,38.09,0.39,1821,14.2,0,57.5,0,1,35,18,36.8,1,3.54
Mahindra,i20,2020,122027,Diesel,6.37,153,Manual,804871.95,Pune,70.19,1.7,3209,79.5,0,67.5,1,0,0,2,37.6,0,4.47
Tata,Creta,2018,149797,Hybrid,6.05,120,Manual,615982.44,Bangalore,98.08,1.54,3841,71.3,1,68.0,1,0,4,4,23.1,0,5.93
Tata,Swift,2011,104643,Hybrid,7.95,132,Manual,858546.31,Chennai,44.42,1.52,1899,89.7,0,57.3,0,2,26,44,38.1,1,4.59
Toyota,Swift,2012,166210,Electric,6.01,128,Manual,1397462.08,Mumbai,97.19,0.98,4064,81.3,1,72.7,1,0,0,10,34.3,0,5.84
Maruti,Swift,2009,18082,Petrol,4.94,120,Manual,695044.03,Pune,37.87,0.26,2142,49.2,0,57.6,0,1,25,10,26.0,0,2.15
Kia,Swift,2021,12686,Electric,3.86,128,Automatic,850698.64,Kolkata,21.85,0.67,1507,65.0,0,51.3,0,2,28,40,27.8,0,1.1
Tata,Seltos,2018,28207,Hybrid,6.84,197,Manual,1708962.82,Pune,67.06,1.31,3133,48.4,1,60.4,2,0,13,4,32.4,0,4.59
Mahindra,Swift,2017,173662,Diesel,4.87,154,Automatic,1454717.6,Hyderabad,38.6,1.84,2191,49.4,0,56.0,0,2,37,44,25.9,0,2.44
Tata,Nexon,2013,86040,Hybrid,6.25,142,Automatic,1734948.97,Hyderabad,32.18,1.77,1872,38.2,0,52.9,0,1,16,14,30.4,0,2.31
Kia,i20,2017,36996,Diesel,3.64,132,Automatic,521374.39,Kolkata,29.66,1.35,1590,54.1,0,52.5,0,2,30,43,40.8,1,1.4
Kia,Nexon,2019,28071,Hybrid,4.46,177,Manual,1082345.17,Mumbai,29.7,1.55,1721,88.8,0,54.6,0,1,35,14,36.6,0,1.52
Maruti,Innova,2021,132461,Diesel,5.81,89,Manual,1666475.57,Kolkata,45.0,1.27,1857,58.0,0,58.1,0,2,26,41,38.5,0,3.4
Tata,i20,2015,174154,Petrol,7.81,76,Automatic,1015226.08,Kolkata,34.14,1.57,1665,48.2,0,52.4,0,1,22,17,27.8,1,3.07
Hyundai,Nexon,2023,25088,Diesel,8.39,137,Automatic,1365070.16,Pune,68.15,0.76,2827,14.3,0,61.6,1,1,0,22,42.6,1,6.58
Maruti,Creta,2021,10008,Electric,5.61,120,Manual,638364.55,Delhi,16.17,0.61,1373,59.2,1,43.1,0,2,15,32,22.8,1,1.18
Kia,Swift,2016,146779,Petrol,9.43,186,Automatic,745461.37,Hyderabad,37.9,1.08,2028,54.6,1,55.7,2,1,3,18,30.3,0,4.11
Mahindra,Seltos,2010,24486,Diesel,7.63,105,Automatic,992901.26,Mumbai,59.37,0.83,2698,47.3,1,59.5,2,0,3,10,27.6,0,4.53
Hyundai,Creta,2019,128515,Electric,9.04,144,Manual,839328.04,Kolkata,92.7,0.63,3542,23.4,1,70.2,1,0,5,5,33.1,1,8.38
Mahindra,Seltos,2016,89438,Hybrid,3.58,129,Manual,1301426.89,Hyderabad,31.59,2.17,1575,49.4,0,50.9,0,1,30,15,37.0,1,1.3
Maruti,i20,2009,102183,Diesel,4.61,101,Automatic,1557002.67,Mumbai,38.11,1.86,1912,21.1,0,53.0,0,1,33,9,43.6,1,2.02
Tata,i20,2014,116636,Electric,4.77,101,Automatic,901330.99,Delhi,28.97,1.85,1610,88.7,0,47.0,0,1,31,18,35.7,0,1.59
Mahindra,City,2018,113659,Hybrid,9.41,165,Manual,1468508.15,Hyderabad,89.1,1.65,3536,87.5,0,66.3,1,0,1,9,42.2,2,8.38
Kia,Swift,2008,6942,Diesel,5.26,168,Automatic,792225.83,Mumbai,29.19,0.76,1625,45.1,1,45.1,0,2,27,40,29.7,0,2.0
Toyota,Swift,2019,73284,Diesel,8.71,184,Manual,964320.74,Mumbai,57.15,0.84,2544,88.1,1,54.7,2,0,8,4,37.4,0,4.98
Kia,i20,2023,82459,Diesel,9.08,124,Manual,449792.77,Hyderabad,21.12,1.5,1351,40.9,1,51.4,0,1,34,20,41.0,1,2.21
Mahindra,City,2010,131990,Electric,6.99,75,Manual,602461.96,Mumbai,57.0,1.5,2888,71.1,0,61.5,2,0,9,11,38.8,0,3.98
Honda,Seltos,2012,122809,Petrol,5.77,149,Automatic,557408.5,Chennai,43.63,0.32,2097,25.3,0,55.7,0,2,18,28,32.4,0,3.27
Kia,Seltos,2013,174715,Hybrid,8.23,88,Automatic,1207706.3,Delhi,93.49,1.77,3811,49.2,1,67.4,1,0,0,7,42.0,1,7.69
Maruti,Swift,2016,8318,Petrol,6.28,108,Automatic,1278710.43,Hyderabad,30.32,2.16,1695,68.6,1,48.4,0,2,28,32,27.8,0,2.48
Toyota,Swift,2020,100834,Petrol,5.32,109,Automatic,477534.33,Mumbai,30.18,0.54,1782,23.6,0,52.8,0,2,34,23,22.9,1,2.09
Toyota,Creta,2019,6684,Petrol,9.16,105,Manual,1182030.96,Pune,37.88,0.42,2160,44.9,0,55.2,0,2,33,30,42.2,0,4.51
Maruti,Nexon,2012,81135,Petrol,4.02,109,Automatic,1454413.3,Delhi,44.7,0.55,2392,85.6,1,58.6,0,2,18,34,39.8,0,2.34
Maruti,City,2013,72285,Diesel,4.28,92,Manual,1105776.43,Chennai,17.75,0.24,1494,57.4,1,41.8,0,2,30,27,31.2,0,0.99
Mahindra,Innova,2008,54860,Electric,5.82,106,Manual,1046351.24,Pune,60.42,1.88,2569,70.5,0,57.5,2,0,4,2,33.4,0,3.52
Hyundai,i20,2019,76848,Diesel,5.35,115,Automatic,1287999.06,Bangalore,32.19,0.21,1814,75.9,1,46.1,0,2,23,47,35.8,0,2.24
Maruti,Nexon,2011,160547,Electric,7.32,180,Manual,935495.49,Bangalore,45.08,1.09,1895,86.8,0,57.9,2,0,16,6,38.8,1,3.3
Tata,Creta,2015,57028,Electric,4.2,98,Manual,1250577.16,Mumbai,98.52,2.06,3564,83.6,1,75.4,1,1,0,19,22.4,0,4.76
Hyundai,i20,2022,108781,Petrol,7.53,153,Automatic,1694424.64,Bangalore,79.82,0.45,3681,74.6,0,71.3,1,0,4,11,41.3,0,6.01
Toyota,i20,2020,143891,Petrol,6.78,113,Manual,1596848.39,Mumbai,96.58,0.87,3745,83.3,1,72.2,1,1,4,20,27.1,0,7.53
Mahindra,Creta,2010,57789,Petrol,5.17,150,Automatic,1432838.79,Pune,47.3,1.24,2056,59.1,1,56.8,2,1,14,23,23.4,0,2.81
Maruti,Innova,2018,20907,Electric,3.53,182,Automatic,1622957.99,Chennai,90.51,0.54,3333,31.0,1,68.0,1,0,3,1,23.0,1,3.2
Honda,Innova,2013,42972,Hybrid,8.95,75,Manual,819647.28,Chennai,35.98,2.1,1916,82.1,0,49.1,0,1,27,21,34.5,1,3.7
Maruti,Swift,2008,57313,Hybrid,7.21,106,Automatic,1450638.23,Kolkata,22.72,1.44,1465,83.8,1,42.8,0,2,31,43,36.8,0,2.13
Honda,Innova,2008,120714,Diesel,8.61,185,Manual,808177.26,Delhi,64.93,1.83,2790,52.8,0,64.2,2,0,15,4,34.7,0,5.59
Hyundai,Seltos,2010,110781,Hybrid,6.68,81,Manual,1122887.55,Mumbai,66.53,2.17,2747,32.7,1,63.8,1,0,3,5,31.5,1,4.44
Kia,Swift,2010,28361,Petrol,6.29,124,Automatic,1082901.35,Delhi,41.75,1.92,2017,70.3,1,53.9,0,2,18,25,23.1,0,3.41
Mahindra,Nexon,2010,154640,Electric,7.4,193,Automatic,466412.26,Pune,35.6,0.92,1864,42.0,0,50.3,0,2,15,35,31.3,0,3.42
Toyota,Innova,2015,47021,Hybrid,4.35,192,Automatic,1198536.28,Kolkata,23.93,1.59,1462,16.2,0,48.0,0,2,39,30,41.1,0,1.35
Hyundai,City,2016,58672,Electric,7.19,193,Automatic,1106864.9,Mumbai,87.4,1.25,3454,21.6,1,72.3,1,0,3,2,44.9,0,6.28
Kia,Swift,2009,168185,Petrol,6.44,128,Automatic,1126827.91,Hyderabad,15.63,1.99,1236,66.6,0,47.7,0,1,28,14,33.2,0,1.16
Maruti,City,2008,167739,Hybrid,3.8,140,Manual,444588.17,Hyderabad,41.06,0.51,2064,83.4,1,53.7,0,2,17,47,28.0,1,2.03
Maruti,i20,2018,39128,Hybrid,7.48,82,Manual,923873.57,Kolkata,21.5,1.25,1394,24.3,1,47.0,0,1,24,11,26.0,1,1.85
Hyundai,Creta,2017,164700,Electric,6.32,190,Automatic,992441.45,Kolkata,19.73,1.89,1492,51.7,0,42.2,0,2,27,38,32.2,1,1.62
Honda,Nexon,2015,164869,Hybrid,5.16,172,Manual,1430863.09,Bangalore,44.66,1.38,2355,64.8,0,59.3,0,2,30,49,41.1,1,3.0
Hyundai,Swift,2013,25948,Diesel,4.51,169,Manual,1428269.42,Delhi,74.8,1.74,2435,79.5,0,63.6,1,0,2,3,27.7,1,3.37
Toyota,Seltos,2019,139250,Hybrid,8.91,77,Manual,934313.57,Bangalore,37.26,2.17,1862,16.9,0,53.9,2,2,15,29,43.9,0,4.32
Honda,Nexon,2016,52675,Diesel,3.58,77,Automatic,965136.08,Mumbai,21.52,1.43,1631,80.3,0,52.1,0,1,17,23,26.6,1,0.89
Mahindra,City,2008,60474,Electric,7.87,190,Manual,1395104.32,Bangalore,70.0,2.05,3268,16.3,0,60.0,2,1,13,24,27.1,0,6.34
Honda,Innova,2010,109674,Electric,9.24,107,Automatic,987433.41,Mumbai,35.19,2.07,1928,46.9,0,56.3,0,1,22,10,28.7,0,3.74
Maruti,Innova,2013,106242,Electric,4.0,118,Automatic,1249217.55,Hyderabad,41.0,1.81,1782,14.1,0,54.9,0,1,17,15,33.6,0,1.89
Maruti,Creta,2017,132863,Electric,6.55,78,Automatic,774306.51,Chennai,80.28,1.05,2743,75.3,1,69.7,1,0,3,1,27.7,1,5.26
Honda,Seltos,2012,44042,Diesel,6.0,81,Manual,475361.67,Pune,35.72,0.44,1907,83.8,0,55.9,2,2,17,34,43.2,0,2.79
Kia,City,2021,8184,Hybrid,5.22,155,Automatic,1371999.22,Mumbai,18.11,0.3,1317,64.2,0,41.2,0,2,35,23,42.9,0,1.23
Maruti,Nexon,2012,5277,Petrol,7.43,117,Manual,1336345.72,Delhi,25.65,1.04,1490,86.9,0,49.4,0,2,35,28,28.5,0,2.48
Kia,Seltos,2009,8543,Petrol,4.13,189,Manual,516712.36,Bangalore,50.87,2.19,2104,76.7,0,55.9,2,0,12,5,36.5,0,2.1
Mahindra,i20,2023,152888,Petrol,8.36,198,Automatic,434203.82,Delhi,74.48,0.96,2764,26.3,1,61.4,1,0,5,6,25.9,1,6.23
Hyundai,Innova,2020,61907,Electric,7.21,142,Manual,403434.52,Delhi,52.01,0.48,2118,80.9,0,55.8,2,1,13,15,26.8,1,4.31
